Train/Steps,Loss/Loss_critic,Loss/Loss_actor,Loss/Loss_alpha,Loss/Loss_state_action_metric,Loss/Loss_state_metric,Loss/Loss_state_action_to_state,Loss/Loss_representation,Analysis/Val_diff,Analysis/SA_diff,SAC/Alpha,SAC/LogPi_mean,SAC/Q1_mean,SAC/Q2_mean,Norm/actor_model,Norm/critic_model,Norm/state_action_metric_model,Norm/state_metric_model,Norm/state_action_state_metric_model,Norm/rep_model,Eval/Return
640100,0.006556890904903412,-5.2011566162109375,1.7896122932434082,0.004999550525099039,1.7397105693817139e-06,0.8307968378067017,0.027799288,0.023517334833741188,1.1013755798339844,0.05057547986507416,-14.384979248046875,4.489010810852051,4.499582767486572,23.435114,45.86269,32.162285,31.844847,33.819443,30.964169,0.0006495774
640200,0.006532169878482819,-6.6542253494262695,1.0541529655456543,0.001357002300210297,-8.731149137020111e-09,0.15237922966480255,0.017120527,0.032907553017139435,1.0138986110687256,0.02982087805867195,-14.349496841430664,6.2464189529418945,6.255820274353027,23.420294,46.625618,32.959446,31.831411,34.139866,31.831083,1.0306339e-08
640300,0.03234843537211418,-7.509710311889648,0.6725872159004211,0.0012211857829242945,1.3635726645588875e-05,0.17595642805099487,0.014358344,0.09026474505662918,0.9887310266494751,0.01903696544468403,-14.330591201782227,7.251559257507324,7.239198207855225,23.41666,47.095615,33.337265,32.884724,34.46075,32.84073,9.0515236e-08
640400,0.017283864319324493,-7.9093194007873535,0.44653865694999695,0.0014458385994657874,0.0008006652351468801,0.11087805032730103,0.014897203,0.05372142791748047,0.9721206426620483,0.01272547896951437,-14.09012508392334,7.723077774047852,7.702953338623047,24.714594,47.650745,33.56747,33.919296,36.992554,33.908207,8.3219426e-08
640500,0.048832301050424576,-8.256399154663086,0.3032745122909546,0.001077180029824376,0.006767616607248783,0.028021279722452164,0.009952781,0.22840604186058044,0.9654377698898315,0.008774063549935818,-13.564886093139648,8.126991271972656,8.125182151794434,26.597773,48.264343,33.741417,34.255367,38.594097,35.1785,7.677769e-08
640600,0.06227361783385277,-8.355385780334473,0.19293393194675446,0.0069007594138383865,0.005936336703598499,0.013432137668132782,0.015975192,0.2730661928653717,0.9580926299095154,0.006189320702105761,-10.172069549560547,8.20682144165039,8.193365097045898,27.402954,48.90667,34.07817,35.13099,39.55862,36.505928,1.1461737e-05
640700,0.08129869401454926,-8.575027465820312,0.132936030626297,0.007716313004493713,0.01346631906926632,0.043486423790454865,0.021875247,0.5065805315971375,0.9727774262428284,0.004496623761951923,-8.563521385192871,8.44398307800293,8.446819305419922,28.462776,49.76793,34.474117,35.737053,40.32844,38.139027,6.508806e-08
640800,0.0835391953587532,-8.965032577514648,0.04247012361884117,0.00232081045396626,0.0036638365127146244,0.0062649124301970005,0.0182491,0.7408039569854736,0.9381800293922424,0.0035836040042340755,9.148767471313477,8.57444953918457,8.567703247070312,29.946365,50.589294,35.265007,36.15616,41.615753,40.518196,6.2250415e-08
640900,0.19254544377326965,-10.285808563232422,0.020552467554807663,0.012951829470694065,0.004861223511397839,0.016723807901144028,0.028116135,2.7740249633789062,0.9699702262878418,0.0030788083095103502,14.324538230895996,9.82935905456543,9.818509101867676,33.258923,52.67424,36.167797,36.256565,42.281277,43.22898,1.4675954e-06
641000,0.16369354724884033,-12.212379455566406,0.0019320835126563907,0.012458271346986294,0.11558392643928528,0.006085141096264124,0.027580222,4.199922561645508,0.9512125253677368,0.0028273877687752247,20.316654205322266,11.600564956665039,11.592954635620117,36.095192,55.18604,36.885284,36.616516,43.147892,45.772526,2.6098311e-07
641100,0.13855108618736267,-13.69923210144043,0.013060176745057106,0.032134201377630234,0.004006027244031429,0.0436972938477993,0.053950816,2.725400447845459,0.9724792242050171,0.0025897931773215532,15.95705795288086,13.243738174438477,13.238141059875488,39.154705,56.885746,37.41271,36.893974,44.893055,47.90772,0.020275412
641200,0.09092111885547638,-14.842029571533203,0.014050044119358063,0.021314339712262154,0.04798528552055359,0.018360011279582977,0.030612845,2.316619396209717,0.9424029588699341,0.0022717625834047794,14.81535530090332,14.401907920837402,14.393282890319824,42.652924,58.121563,37.647778,37.28572,46.134747,49.697365,5.2504943e-06
641300,0.1386919915676117,-15.731694221496582,0.0015850625932216644,0.03690645843744278,0.03573593869805336,0.03133106231689453,0.04118168,2.58406138420105,0.9431504011154175,0.0019137029303237796,20.171730041503906,15.334613800048828,15.32960319519043,44.94966,59.24429,38.458363,37.818207,47.08941,51.291515,0.00013317789
641400,0.2222258746623993,-16.810388565063477,0.005121750757098198,0.06713180243968964,0.0019681602716445923,0.0036307130940258503,0.08271608,1.62392258644104,0.9375579357147217,0.0016631647013127804,17.92047882080078,16.42210578918457,16.427383422851562,47.33382,60.40265,39.45137,38.410522,48.03455,52.883457,0.00065960654
641500,0.1123189702630043,-17.574769973754883,-0.00033720844658091664,0.011744709685444832,0.04093201830983162,0.04356512799859047,0.020534255,1.087095022201538,0.9190245866775513,0.001515752519480884,21.222469329833984,17.148082733154297,17.147645950317383,50.013123,62.048805,40.66395,39.297,49.665802,54.57004,0.00025973862
641600,0.1673257052898407,-18.24327850341797,0.0024427175521850586,0.00500008650124073,0.011007675901055336,0.009911423549056053,0.014695248,1.4195654392242432,0.8546566963195801,0.0013143385294824839,19.1414852142334,17.86257553100586,17.869140625,52.905125,63.66064,41.487965,39.97694,50.879143,56.25853,0.007763737
641700,0.27049577236175537,-18.51763153076172,0.0022718121763318777,0.02805153839290142,0.010554062202572823,0.006965764798223972,0.031762816,1.8235290050506592,0.9349372386932373,0.0008939359686337411,18.458641052246094,18.263687133789062,18.26356315612793,55.20823,64.761566,42.485466,40.712955,52.6637,57.72385,0.00015229349
641800,0.09237173199653625,-18.620567321777344,0.003548162057995796,0.016709523275494576,0.061362169682979584,0.04169005528092384,0.022473283,1.6630444526672363,0.9751627445220947,0.000685860519297421,15.826700210571289,18.478355407714844,18.484012603759766,56.968014,65.77204,43.216393,41.404503,54.03779,59.244232,0.2540586
641900,0.08038858324289322,-17.947465896606445,-0.0004237823304720223,0.005264696199446917,0.013890381902456284,0.021983973681926727,0.016774932,1.1608723402023315,0.8542196750640869,0.000614339835010469,21.689817428588867,17.75823974609375,17.752538681030273,59.18227,66.68337,44.19894,42.855564,56.99802,60.74277,0.00041747294
642000,0.09449951350688934,-18.19679069519043,0.00034071027766913176,0.010787785053253174,0.007196101825684309,0.19960087537765503,0.023627777,1.340728759765625,0.9205637574195862,0.0005238118465058506,20.34955596923828,17.99521255493164,17.998085021972656,60.93014,67.562004,45.182655,43.98259,58.422337,62.27038,4.5204557e-05
642100,0.13335300981998444,-18.537261962890625,-0.0004272127407602966,0.025379527360200882,0.049149394035339355,0.0049751801416277885,0.030566044,1.7972567081451416,0.9513715505599976,0.00041884288657456636,22.019983291625977,18.319419860839844,18.316234588623047,62.887463,68.32421,46.063686,45.61462,60.993786,63.745914,1.0584497
642200,0.1807853877544403,-18.566585540771484,-0.00041928578866645694,0.026065489277243614,0.003243277547881007,0.004846462979912758,0.032008927,2.429591178894043,1.019824504852295,0.0004178337403573096,22.003475189208984,18.49575424194336,18.483070373535156,64.242355,69.17925,47.014847,47.1513,63.672546,65.11841,5.283629e-07
642300,0.109682597219944,-17.39345359802246,0.002965998137369752,0.0103883296251297,0.02403073012828827,0.00936336349695921,0.018655322,1.815797209739685,0.8778376579284668,0.00034490437246859074,12.400520324707031,17.3387451171875,17.341846466064453,65.64204,69.86791,47.33061,47.712082,64.824745,66.45288,2.007746e-06
642400,0.1631808876991272,-16.787363052368164,0.000758230744395405,0.037020739167928696,0.003750738687813282,0.008211505599319935,0.07062526,1.749746322631836,0.8571223616600037,0.0003134773578494787,18.581226348876953,16.697399139404297,16.696449279785156,66.63789,70.847404,48.07162,48.528725,66.90075,67.66715,6.0542698e-05
642500,0.13496185839176178,-16.13478660583496,0.0008837248897179961,0.006851094774901867,0.007852466776967049,0.00473387073725462,0.01255751,2.1645965576171875,0.8215867877006531,0.00023171403154265136,17.186140060424805,16.104633331298828,16.102294921875,67.93679,71.724174,48.591164,48.95385,69.168236,68.96574,1.657075e-05
642600,0.2469678670167923,-16.10224151611328,-0.0008270699181593955,0.015944980084896088,0.004100106656551361,0.004151873290538788,0.025199989,2.1241302490234375,0.8205811381340027,0.0002037697413470596,25.05884552001953,16.00595474243164,16.002410888671875,69.13196,72.4385,49.07378,49.55663,70.1284,70.13487,0.5195495
642700,0.1352480947971344,-15.587413787841797,4.559731678455137e-05,0.026370372623205185,0.01009293645620346,0.004042941611260176,0.032665152,2.077637195587158,0.848777174949646,0.00017437762289773673,20.738513946533203,15.495454788208008,15.493885040283203,70.10855,73.13997,49.752647,49.818142,70.540665,71.30894,1.7197885e-05
642800,0.14628052711486816,-15.232000350952148,0.0003765295841731131,0.03980802744626999,0.008711708709597588,0.010350672528147697,0.07256315,2.7169253826141357,0.838099479675293,0.00018064037431031466,18.915584564208984,15.220357894897461,15.211287498474121,71.107925,73.80605,50.312714,49.956463,71.23666,72.42424,1.261295e-05
642900,0.19538137316703796,-14.064529418945312,-0.00023734327987767756,0.016277341172099113,0.0526973158121109,0.006294019520282745,0.027227184,1.6539781093597412,0.7421901226043701,0.00014518489479087293,22.634765625,14.016855239868164,14.018177032470703,72.18513,74.545944,50.880604,50.410534,72.17693,73.61519,1.4816085e-05
643000,0.15445412695407867,-14.289093017578125,0.00012883699673693627,0.022916728630661964,0.0034812032245099545,0.006536128930747509,0.02725834,2.637474775314331,0.7803187966346741,0.00014492165064439178,20.11098861694336,14.178314208984375,14.176836013793945,73.31819,75.18766,51.58074,51.20081,73.08308,74.63507,2.1242336e-07
643100,0.2177930772304535,-14.037067413330078,7.382500916719437e-05,0.030014142394065857,0.014142248779535294,0.005937643814831972,0.060041633,2.450061798095703,0.8330128192901611,0.00013741360453423113,20.462753295898438,13.956021308898926,13.953977584838867,74.395355,76.120445,52.747948,51.629723,74.146774,75.77739,6.979881e-08
643200,0.2243080735206604,-13.359291076660156,0.0004531514423433691,0.023081310093402863,0.004271005280315876,0.005375188309699297,0.049428612,2.6540679931640625,0.7774781584739685,0.00012453498493414372,17.361251831054688,13.331754684448242,13.331507682800293,75.40487,76.74128,53.11764,52.064095,74.72208,76.833084,3.855494e-05
643300,0.1259089857339859,-13.004523277282715,-0.0008941160049289465,0.03365024924278259,0.0039547160267829895,0.11917853355407715,0.038214307,2.502236843109131,0.7680751085281372,0.00014465529238805175,27.181011199951172,12.899246215820312,12.898076057434082,76.49751,77.60065,53.732117,52.63378,75.13039,77.8797,0.012847351
643400,0.45921236276626587,-12.718412399291992,5.495244113262743e-05,0.05888471379876137,0.0032241488806903362,0.026632199063897133,0.07846025,2.4597902297973633,0.7807481288909912,0.0001345430064247921,20.591562271118164,12.702434539794922,12.693243026733398,77.52898,78.33718,54.245243,52.829056,76.16503,78.90095,9.106216e-06
643500,0.33525627851486206,-11.8430814743042,-0.00031752994982525706,0.0233945082873106,0.0033845906145870686,0.04574356600642204,0.032597102,1.880682110786438,0.6967852115631104,0.00014911213656887412,23.129470825195312,11.761005401611328,11.760156631469727,78.57771,79.16935,54.809383,53.085365,76.29694,79.91628,3.918608e-06
643600,0.133725106716156,-12.25053882598877,-0.00011960613483097404,0.02229389175772667,0.00717262364923954,0.010673945769667625,0.03472037,3.16404390335083,0.7667032480239868,0.00014981070125941187,21.798381805419922,12.206889152526855,12.196502685546875,79.52674,80.05882,55.28641,53.543907,76.453636,80.96119,0.0028450142
643700,0.13554441928863525,-11.197161674499512,0.00016208550368901342,0.014715299010276794,0.0035348297096788883,0.00390322832390666,0.013540625,2.419804573059082,0.7033784985542297,0.00015586274093948305,19.96007537841797,11.121970176696777,11.117973327636719,80.29184,80.83276,56.0754,53.620583,76.8475,81.93838,3.6075983e-07
643800,0.013113116845488548,-10.278520584106445,0.0006130715482868254,0.005498440936207771,0.0015869226772338152,0.0041823359206318855,0.00822592,1.4457248449325562,0.6160767674446106,0.0001792301918612793,17.579418182373047,10.235799789428711,10.232202529907227,81.114235,81.60941,56.77607,53.578117,77.53212,82.86481,1.0344759e-06
643900,0.07231855392456055,-10.292434692382812,-8.472744411847088e-06,0.01859249919652939,0.007264680229127407,0.027283450588583946,0.020723965,1.7192806005477905,0.6372779607772827,0.00023695302661508322,21.035757064819336,10.268988609313965,10.268436431884766,81.87763,82.36353,57.47559,53.839493,77.63729,83.7113,0.053548016
644000,0.3659132421016693,-10.092954635620117,0.0008040484972298145,0.020458534359931946,0.006433448754251003,0.06672388315200806,0.03591249,1.6520920991897583,0.6089780926704407,0.0002512525243218988,17.79983901977539,9.960748672485352,9.954328536987305,82.762115,83.31468,57.947613,53.802498,77.497345,84.736435,9.61706e-06
644100,0.3330020308494568,-9.721170425415039,0.0005307444953359663,0.02062508463859558,0.003555730916559696,0.0362105667591095,0.021634452,1.6755985021591187,0.5785199999809265,0.0002058988029602915,18.422304153442383,9.688631057739258,9.691579818725586,83.67964,83.99938,58.58445,54.01006,78.66049,85.65595,0.0032492448
644200,0.3607861399650574,-10.002306938171387,-0.0007217040983960032,0.024511992931365967,0.0026005918625742197,0.011163342744112015,0.04302533,1.9900686740875244,0.5875104665756226,0.0002064272848656401,24.496166229248047,9.809611320495605,9.784849166870117,84.34824,84.692635,59.488647,54.365273,79.30266,86.62509,0.001962975
644300,0.2049141824245453,-10.198249816894531,-0.0006207353435456753,0.015882696956396103,0.004524052143096924,0.03165783733129501,0.0123508675,2.594489097595215,0.6299945116043091,0.00022357840498443693,23.776365280151367,10.091508865356445,10.097969055175781,84.97314,85.30332,60.115334,54.802525,79.714424,87.53731,1.0347196e-05
644400,0.4950718283653259,-9.26960563659668,0.00036746254772879183,0.023019321262836456,0.0033088144846260548,0.0056322719901800156,0.02887035,1.8559116125106812,0.5414919853210449,0.00019801000598818064,19.144222259521484,9.126338958740234,9.121419906616211,85.6862,85.84414,60.706512,54.983437,80.667625,88.40387,1.1578473e-05
644500,0.12437358498573303,-9.050535202026367,-6.329019379336387e-05,0.017500970512628555,0.00737281609326601,0.02030143141746521,0.017594144,1.8476321697235107,0.5613467693328857,0.0001578605588292703,21.400924682617188,9.007672309875488,9.01053237915039,86.224594,86.340034,61.499905,55.462257,81.73732,89.20599,1.9327956e-05
644600,0.05257701501250267,-8.659371376037598,0.00044561870163306594,0.021157681941986084,0.007635539397597313,0.005565734580159187,0.028504241,1.8210991621017456,0.5234580636024475,0.0001878491893876344,18.627784729003906,8.625795364379883,8.620487213134766,86.7627,87.066956,62.387074,55.884304,83.04609,90.15028,1.5606655e-07
644700,0.02483244612812996,-7.802009105682373,0.0008849903242662549,0.003436495317146182,0.0008266235236078501,0.001887406804598868,0.006752232,1.2396225929260254,0.4724406599998474,0.0001630102051422,15.570951461791992,7.801238536834717,7.797822952270508,87.438576,87.86183,63.17369,56.469234,83.7737,91.04374,1.2244016e-07
644800,0.05315743759274483,-7.627571105957031,0.0003510125679895282,0.0040513938292860985,0.1382582187652588,0.01806199550628662,0.017024588,1.1550216674804688,0.47146907448768616,0.0001673413789831102,18.902416229248047,7.596843719482422,7.594998836517334,88.185646,88.2928,63.823433,56.864334,84.47279,91.946625,8.448161e-05
644900,0.21378377079963684,-7.926023960113525,0.000768748577684164,0.00696140993386507,0.015158310532569885,0.032818689942359924,0.015008429,1.6871216297149658,0.49749356508255005,0.00017813991871662438,16.684579849243164,7.79667329788208,7.800130844116211,88.80717,88.81756,64.16502,57.267223,85.08028,92.877655,0.00090018625
645000,0.1399770826101303,-7.776095390319824,0.0003823435981757939,0.02868816629052162,0.007045241072773933,0.003724918933585286,0.0226184,1.7406275272369385,0.5155996680259705,0.0001854208967415616,18.937969207763672,7.707374572753906,7.705595016479492,89.5646,89.36558,64.724144,57.636448,85.44512,93.89259,3.6630918e-06
645100,0.3901553153991699,-7.5903778076171875,-0.0003539574972819537,0.006972023751586676,0.00423306692391634,0.004959010053426027,0.01189263,1.737106442451477,0.4776073098182678,0.0002449055027682334,22.445281982421875,7.455007553100586,7.4621381759643555,90.22093,90.39214,65.3962,58.114433,86.00293,95.04714,4.6130646e-07
645200,0.5045498609542847,-8.325739860534668,0.0005721421330235898,0.02857154980301857,0.005123729817569256,0.004195121116936207,0.0619056,3.5653645992279053,1.6799299716949463,0.00022841595637146384,18.495174407958984,8.154844284057617,8.15845775604248,90.64964,91.166985,66.21744,58.792316,86.2406,95.99655,6.979731e-05
645300,0.022198889404535294,-7.387671947479248,0.0006987464730627835,0.006061612628400326,0.008335654623806477,0.0029904379043728113,0.009369882,1.8712687492370605,0.4613621234893799,0.00021739699877798557,17.785850524902344,7.389155387878418,7.397204875946045,91.09886,91.81344,66.59881,59.042507,86.63569,96.82752,1.8209275e-05
645400,0.07300402224063873,-7.382284641265869,1.880461240943987e-05,0.011960770934820175,0.003914911299943924,0.10659559816122055,0.023059633,2.0389583110809326,0.4388004541397095,0.00020603608572855592,20.90873146057129,7.300021171569824,7.292411804199219,91.841354,92.34368,67.023285,58.99971,86.7607,97.6675,0.000115581744
645500,0.20643171668052673,-6.299141883850098,0.00023654312826693058,0.004886697977781296,0.003850371576845646,0.0034618128556758165,0.008244485,0.7988715767860413,0.4106440246105194,0.00019815884297713637,19.80629539489746,6.157044887542725,6.151131629943848,92.307816,93.0534,67.7206,59.236027,86.6927,98.51923,0.0002561163
645600,0.08691826462745667,-6.740422248840332,0.0006231166771613061,0.021913371980190277,0.0036955000832676888,0.006257055792957544,0.036423016,1.651243805885315,0.4711076617240906,0.000191552157048136,17.747013092041016,6.659857749938965,6.673773765563965,92.75317,93.67882,67.82518,59.783066,86.611664,99.30979,7.3456434e-08
645700,0.2860413193702698,-6.5083489418029785,-0.0006248570280149579,0.010896939784288406,0.0034042969346046448,0.027206365019083023,0.016596043,1.5746225118637085,0.42512279748916626,0.00021415397350210696,23.91779327392578,6.440458297729492,6.441413402557373,93.30663,94.391045,68.29014,60.220272,87.49683,100.11464,9.4900236e-07
645800,0.1375986635684967,-6.645671844482422,-0.0003904223849531263,0.04153032600879669,0.0033073797821998596,0.0024439720436930656,0.05365006,1.730525255203247,0.45059800148010254,0.00015653859009034932,23.494096755981445,6.4654645919799805,6.446473598480225,94.065834,95.011795,68.569435,60.318985,87.92641,100.92681,2.8696068e-06
645900,0.0333930142223835,-5.801181793212891,-3.0878095458319876e-06,0.005092082545161247,0.12259469926357269,0.0039024273864924908,0.013291698,1.2376645803451538,0.381446897983551,0.00017284875502809882,21.017864227294922,5.760551452636719,5.762948513031006,94.75283,95.58748,69.189766,60.665817,88.255394,101.66345,0.0007489046
646000,0.46943098306655884,-6.410913467407227,5.885255814064294e-05,0.022786945104599,0.00925547257065773,0.018290095031261444,0.0194582,1.8622515201568604,0.4315671920776367,0.0001706978800939396,20.655223846435547,6.264535903930664,6.257706165313721,95.44614,96.09088,69.79986,61.310944,89.11791,102.49537,0.00017881898
646100,0.5428451299667358,-6.6264190673828125,-0.00018893922970164567,0.01609647274017334,0.0036951401270926,0.005087843164801598,0.011470163,2.180541753768921,0.4467109739780426,0.0001880083145806566,22.00495147705078,6.410432815551758,6.368903160095215,95.93429,96.49114,70.391266,61.33022,89.140396,103.32528,0.011070362
646200,0.3424775004386902,-5.945993900299072,0.00032702472526580095,0.011291515082120895,0.02829005941748619,0.0038391719572246075,0.008844897,1.9213156700134277,0.412189245223999,0.00019296689424663782,19.305280685424805,5.8806071281433105,5.875155448913574,96.30293,97.05847,71.0515,61.651535,89.940834,104.14577,6.9310204e-06
646300,0.17381568253040314,-5.306027412414551,-0.0004312206001486629,0.010582635179162025,0.0061465366743505,0.03466544300317764,0.010040685,1.4811804294586182,0.37064453959465027,0.00017083517741411924,23.52419090270996,5.268054485321045,5.249155044555664,96.732544,97.44955,71.50528,61.663837,90.39667,104.92549,8.090556e-09
646400,0.15173330903053284,-6.192180633544922,-0.0005389005527831614,0.028455570340156555,0.003818076103925705,0.0039632245898246765,0.027891388,2.304147720336914,0.44620180130004883,0.00014873249165248126,24.623287200927734,6.143467903137207,6.135495185852051,97.16385,97.89154,71.68034,61.840042,90.9881,105.68086,5.5212564e-05
646500,0.23414182662963867,-6.043914794921875,-0.0007334669353440404,0.016198981553316116,0.003901591058820486,0.0046915034763514996,0.014658612,2.3447465896606445,0.4362584352493286,0.0001566975115565583,25.680782318115234,5.957836627960205,5.967301368713379,97.436066,98.22773,72.01403,62.241737,91.51021,106.39266,9.992604e-06
646600,0.054417721927165985,-4.839445114135742,-0.0003232077870052308,0.030598418787121773,0.04125514626502991,0.05504230409860611,0.03393496,1.2190122604370117,0.3058580160140991,0.00014265171193983406,23.26571273803711,4.822508811950684,4.816913604736328,97.946175,98.8589,72.80606,62.80061,92.06031,107.098206,8.806415e-05
646700,0.2208901196718216,-4.496818542480469,3.3095628168666735e-05,0.0030600300524383783,0.033152543008327484,0.005517096258699894,0.008431956,1.2773224115371704,0.29446595907211304,0.00013208221935201436,20.749431610107422,4.428318500518799,4.418819427490234,98.369026,99.33504,73.01363,62.982132,92.29327,107.932365,1.5560352e-05
646800,0.21081936359405518,-4.543669700622559,-0.00021392969938460737,0.014013070613145828,0.00817932654172182,0.004781420808285475,0.015827015,1.1750370264053345,0.32820016145706177,0.0001192703639389947,22.79365348815918,4.4926910400390625,4.490670204162598,98.88355,99.89916,73.18389,63.434025,93.07369,108.61496,5.4059074e-05
646900,0.03452415019273758,-4.33823823928833,-0.0003241807280573994,0.007241405546665192,0.007338305003941059,0.004496158100664616,0.015797729,1.1321206092834473,0.29429537057876587,0.0001208850007969886,23.68172836303711,4.311246871948242,4.296970367431641,99.33499,100.52561,73.59043,64.092125,93.8787,109.35307,2.9359971e-05
647000,0.2957407832145691,-4.272172451019287,0.0003603197692427784,0.006471625529229641,0.010097292251884937,0.01979323849081993,0.007998725,1.0951745510101318,0.31450778245925903,0.00016143867105711251,18.768070220947266,4.145960807800293,4.086070537567139,99.675064,101.583206,73.85668,64.65069,94.476585,110.31852,3.4367608e-07
647100,0.3863840401172638,-4.656648635864258,-9.244769171345979e-05,0.006630154326558113,0.03671219199895859,0.0049431780353188515,0.014173117,1.5901964902877808,0.2992929220199585,0.00014432663738261908,21.640544891357422,4.57890510559082,4.54710578918457,100.128235,102.29265,74.238495,65.35739,95.03655,111.25049,1.5200274e-06
647200,0.5780936479568481,-4.564079284667969,-2.8313332222751342e-05,0.01515443529933691,0.07253684103488922,0.006093295756727457,0.01574485,1.7952611446380615,0.3133585453033447,0.00011446547432569787,21.247352600097656,4.500150680541992,4.503100395202637,100.57412,102.664604,74.67549,65.937614,95.6544,112.00657,1.3063517e-06
647300,0.2781740725040436,-4.628673553466797,0.0008240393362939358,0.011259889230132103,0.009412307292222977,0.05691571906208992,0.01759553,1.850144863128662,0.31208139657974243,0.0001290904765482992,14.616575241088867,4.541637420654297,4.518296241760254,100.95748,103.07108,75.05626,66.44046,96.08482,112.786545,2.4530274e-07
647400,0.4781293570995331,-3.6371757984161377,0.00035387842217460275,0.0023885443806648254,0.004864437505602837,0.004938387777656317,0.005284001,1.0215115547180176,0.18306440114974976,0.00010330182703910396,17.574325561523438,3.6164369583129883,3.603973865509033,101.410576,103.44831,75.33017,66.96066,96.55819,113.53607,3.9476668e-06
647500,0.40991437435150146,-4.724272727966309,-0.00023016247723717242,0.026821399107575417,0.009768959134817123,0.12182052433490753,0.035369247,2.0133416652679443,0.3053733706474304,9.461427544010803e-05,23.432640075683594,4.531673908233643,4.542361736297607,101.907585,103.817955,75.38406,67.21696,96.876205,114.24153,2.9155268e-08
647600,0.34182900190353394,-4.043733596801758,-0.0003103777708020061,0.023174375295639038,0.007450863718986511,0.039588361978530884,0.024726324,1.6352479457855225,0.2490205019712448,0.0001261385768884793,23.460609436035156,4.008675575256348,4.01255989074707,102.26821,104.25464,75.403076,67.605316,97.07599,114.85462,1.7918875e-07
647700,0.14091625809669495,-3.887010097503662,8.98792568477802e-05,0.03558805212378502,0.004355105105787516,0.015261095017194748,0.034673627,1.6099058389663696,0.23238436877727509,0.0001276696566492319,20.296001434326172,3.843311309814453,3.841970920562744,102.63167,104.572296,76.00817,68.264145,97.69728,115.69235,6.044223e-05
647800,0.621473491191864,-4.302891254425049,-0.00024204196233768016,0.02305600978434086,0.0038621253333985806,0.003914061933755875,0.0308251,1.8528015613555908,0.24303913116455078,0.0001535802730359137,22.57599639892578,4.043074607849121,4.025254249572754,103.00561,105.02453,76.38339,69.25535,98.20098,116.398186,0.74457055
647900,0.03443148732185364,-3.394545793533325,-0.0001001114651444368,0.007860254496335983,0.005398549139499664,0.02144228294491768,0.011219669,1.257925033569336,0.21415692567825317,0.00011679715680656955,21.857139587402344,3.352008581161499,3.3676681518554688,103.41496,105.53749,76.596016,69.67952,98.679405,117.08527,0.2960015
648000,0.308307945728302,-3.700129270553589,-0.0001668926706770435,0.05575402453541756,0.007707880809903145,0.01428738608956337,0.063822106,1.657358169555664,0.22073066234588623,0.00010500197095097974,22.58942413330078,3.620922088623047,3.6082723140716553,103.97442,105.979004,76.83606,69.99049,99.20288,117.96757,4.3202785e-05
648100,0.09350146353244781,-3.4977879524230957,-8.023334521567449e-05,0.014086753129959106,0.0037250188179314137,0.00841295812278986,0.01927801,1.399580478668213,0.22376224398612976,0.0001224496663780883,21.655235290527344,3.33431339263916,3.34124755859375,104.317474,106.30196,77.48961,70.445946,99.61803,118.7781,6.583333e-08
648200,0.3480464816093445,-3.493882179260254,0.00021465438476298004,0.023896243423223495,0.003773224074393511,0.04381750524044037,0.02658746,1.5933589935302734,0.18497350811958313,0.00012946428614668548,19.34197998046875,3.440624713897705,3.4390833377838135,104.69385,106.834335,78.43875,71.39417,99.96901,119.48097,8.5741766e-07
648300,0.6947376132011414,-3.9140591621398926,-0.0005334222223609686,0.02402624860405922,0.04125220701098442,0.008969437330961227,0.028534615,55.03046798706055,5.8427324295043945,0.00015321264800149947,24.48158073425293,3.7270960807800293,3.7235031127929688,105.03399,107.390915,78.8623,71.99122,100.76904,120.1682,1.0658581e-07
648400,0.33934998512268066,-3.476747751235962,-8.37533370940946e-05,0.021365629509091377,0.026501737534999847,0.005883915349841118,0.015205518,1.5617281198501587,0.18794171512126923,0.0001487475383328274,21.56305694580078,3.3406014442443848,3.339076042175293,105.44961,108.174545,79.16189,72.630646,101.67368,120.96144,5.441517e-06
648500,0.45257362723350525,-3.4396984577178955,-0.0004889477277174592,0.010905575938522816,0.0038457904011011124,0.006859040819108486,0.014437159,1.7436368465423584,0.21057955920696259,0.00013017194578424096,24.756168365478516,3.2600202560424805,3.3034675121307373,105.85775,108.502075,79.40835,73.18883,102.10361,121.683464,0.00020541684
648600,0.46697700023651123,-2.8497157096862793,-5.147302545083221e-06,0.007372747175395489,0.003901053685694933,0.003960912115871906,0.016128458,1.2200961112976074,0.1522619128227234,0.00015934511611703783,21.032302856445312,2.727843761444092,2.746006727218628,106.1701,108.93498,79.906334,73.64585,102.95883,122.36067,8.116539e-06
648700,0.01331647951155901,-2.5933055877685547,0.0008406519191339612,0.022986914962530136,0.007632362190634012,0.0073889922350645065,0.023826154,1.0754470825195312,0.12247074395418167,0.00014463445404544473,15.187747955322266,2.583555221557617,2.5675628185272217,106.58566,109.4993,80.31874,74.48261,103.44885,123.02203,0.00042437398
648800,0.1508895754814148,-2.906061887741089,8.49630669108592e-05,0.028529228642582893,0.015636324882507324,0.08918467164039612,0.028459981,1.2484700679779053,0.15907731652259827,0.00014662211469840258,20.420530319213867,2.852414131164551,2.8498106002807617,106.92672,109.92563,80.84993,74.92255,104.483,123.73584,7.804788e-05
648900,0.39963310956954956,-2.9060566425323486,7.638722308911383e-05,0.016864577308297157,0.017558053135871887,0.05025337636470795,0.01879298,1.3155269622802734,0.17144209146499634,0.00012437083933036774,20.38581085205078,2.860260486602783,2.8481342792510986,107.20308,110.232216,81.18009,75.27531,105.92202,124.4029,0.00015107977
649000,0.12838484346866608,-2.934760093688965,-1.4111998098087497e-05,0.025000691413879395,0.06060856953263283,0.02028123289346695,0.029397706,1.431498646736145,0.15270861983299255,9.96934759314172e-05,21.14155387878418,2.877962589263916,2.8804965019226074,107.60215,110.63487,81.80357,76.12276,107.10531,125.17069,3.5360932e-05
649100,0.7811042070388794,-2.818936824798584,-0.0001771145180100575,0.029847003519535065,0.0066413963213562965,0.0041117677465081215,0.0306275,1.3812601566314697,0.1351848840713501,0.00013056483294349164,22.356525421142578,2.791916847229004,2.7976436614990234,108.18508,110.99653,82.23373,76.89575,107.69833,125.86169,7.112758e-07
649200,0.02128877490758896,-2.2677431106567383,0.0005350283463485539,0.005982057191431522,0.00812439899891615,0.007167576812207699,0.026536513,0.9625282287597656,0.14006376266479492,0.00011966012243647128,16.528766632080078,2.2223854064941406,2.2249860763549805,108.48035,111.35234,82.82964,77.30437,108.19569,126.5796,3.6288012e-07
649300,0.2611701488494873,-2.7606875896453857,0.00012045846233377233,0.025794286280870438,0.02553449384868145,0.003999895416200161,0.03538071,1.442530870437622,0.17147035896778107,0.00011362887016730383,19.939895629882812,2.7470078468322754,2.731804609298706,108.812096,111.93005,83.48926,77.7225,109.92401,127.32441,8.6943766e-07
649400,0.33952152729034424,-2.8676490783691406,-2.9315864594536833e-05,0.03966004028916359,0.04796639457345009,0.004220888018608093,0.070397735,1.4384196996688843,0.15787534415721893,9.474935359321535e-05,21.309404373168945,2.6763083934783936,2.661487579345703,109.057335,112.41665,84.12252,78.381195,111.01457,128.01566,2.2529956e-07
649500,0.3569510877132416,-2.5033962726593018,-0.0004637586243916303,0.005393378436565399,0.022146711125969887,0.007866377010941505,0.010635199,1.2370926141738892,0.11737024784088135,0.00011215371341677383,25.135026931762695,2.433232307434082,2.411139726638794,109.45599,113.05154,84.34652,78.774,111.26571,128.80275,4.23596e-07
649600,0.3790110945701599,-2.0913004875183105,-0.0003997339226771146,0.00937419943511486,0.004245486576110125,0.005555727984756231,0.017370826,0.8697509765625,0.12406949698925018,0.00011197855201316997,24.56973648071289,1.9665653705596924,1.9775445461273193,109.71296,113.43815,84.33151,79.21351,111.65396,129.4542,5.1487757e-07
649700,0.33076047897338867,-2.4755301475524902,0.0007053843582980335,0.01971828006207943,0.0036232490092515945,0.004602056462317705,0.033125736,1.3430755138397217,0.13067544996738434,8.970235649030656e-05,13.13638973236084,2.479241371154785,2.4848718643188477,109.93123,114.009796,84.645546,79.61694,112.34312,130.34569,3.4158344e-07
649800,0.015655547380447388,-2.1604971885681152,0.0001794372365111485,0.007433373015373945,0.01390896551311016,0.029716793447732925,0.007007789,1.1043424606323242,0.1180838793516159,6.402935105143115e-05,18.19757843017578,2.1374905109405518,2.1446096897125244,110.33027,114.31408,84.88818,79.58996,112.96057,130.96779,1.8147169e-06
649900,0.14140036702156067,-2.1384506225585938,-0.00015115534188225865,0.03294609114527702,0.004101141821593046,0.005300108343362808,0.03303232,1.1555826663970947,0.12054315209388733,9.818559919949621e-05,22.539485931396484,2.0603976249694824,2.0762107372283936,110.55192,115.03365,85.010605,79.998856,112.93963,131.76564,0.00015679731
650000,0.015772484242916107,-1.5148438215255737,-5.691665137419477e-05,0.01603005826473236,0.0035586608573794365,0.008493861183524132,0.019013472,0.6067918539047241,0.054583918303251266,8.186574268620461e-05,21.69524383544922,1.4674437046051025,1.4700263738632202,110.83895,115.58929,85.48448,80.57826,114.06639,132.3885,0.0006953675
650100,0.03301575779914856,-1.5702540874481201,0.0004664014559239149,0.02220485731959343,0.00924737099558115,0.0037332673091441393,0.025489975,0.6738094091415405,0.0749489963054657,0.00012156292359577492,17.163291931152344,1.589444637298584,1.5964175462722778,111.157425,116.29053,86.00434,81.0813,114.84882,133.19016,0.13787463
650200,0.10809000581502914,-2.5514063835144043,-0.00034211052116006613,0.031068669632077217,0.0069852410815656185,0.0045476872473955154,0.033961274,1.489316701889038,0.2227252870798111,0.00011743636423489079,23.913156509399414,2.3622121810913086,2.355482578277588,111.463356,116.77629,86.5067,81.673195,115.40113,134.00185,0.00036976844
650300,0.30484992265701294,-2.1048710346221924,1.0628584277583286e-05,0.04814962297677994,0.0043150875717401505,0.009632047265768051,0.06411144,1.3531110286712646,0.13445228338241577,0.0001224442821694538,20.913196563720703,2.076655626296997,2.0752735137939453,111.706535,117.36283,86.75214,82.04927,115.87143,134.6655,0.0016550843
650400,0.6216168403625488,-1.5011677742004395,-0.0006569016841240227,0.012715602293610573,0.01810641400516033,0.08374102413654327,0.023593184,1.2459914684295654,0.15872013568878174,0.00014973743236623704,25.38702392578125,1.4384980201721191,1.4417295455932617,111.93867,118.02457,87.15705,82.59207,116.73408,135.39258,2.1921694e-06
650500,0.0535024031996727,-1.812635898590088,0.00021803345589432865,0.017745491117239,0.010004391893744469,0.00793171115219593,0.034819923,0.8423471450805664,0.06863392889499664,0.00012480083387345076,19.252948760986328,1.6307330131530762,1.6292275190353394,112.177895,118.39339,87.30249,83.44735,116.86978,135.98999,1.3503221e-06
650600,0.033060211688280106,-2.1803789138793945,-0.0004335617122706026,0.02063222974538803,0.029324080795049667,0.02031536027789116,0.027066788,1.4193243980407715,0.10646922141313553,0.00013581618259195238,24.19226837158203,2.130510091781616,2.1319055557250977,112.46077,118.83763,87.63088,83.6006,117.04048,136.69888,0.00016922459
650700,0.33181917667388916,-1.8050577640533447,-0.00074427091749385,0.008573271334171295,0.03178621083498001,0.02918608859181404,0.010175426,0.8511497974395752,0.1063641905784607,0.00021415621449705213,24.475364685058594,1.6668058633804321,1.6552402973175049,112.71571,119.29047,88.085014,84.21656,117.89133,137.4231,1.265975e-06
650800,0.0542459599673748,-2.0988693237304688,0.00017754263535607606,0.007758240681141615,0.002057332545518875,0.008957245387136936,0.00970872,1.2754987478256226,0.10175482928752899,0.00019043887732550502,20.067718505859375,2.0372416973114014,2.0443525314331055,112.930786,119.736084,88.33097,84.69136,118.421425,138.05458,2.4799488e-06
650900,0.10970529913902283,-1.7647846937179565,0.0001642661663936451,0.04668009281158447,0.041183099150657654,0.013289054855704308,0.049247824,0.8765694499015808,0.10489492118358612,0.0001512712042313069,19.914094924926758,1.6539626121520996,1.639892816543579,113.17605,120.31239,88.70626,84.88879,119.02834,138.75336,2.5885936e-05
651000,0.2207328975200653,-2.0010762214660645,-0.0005030945758335292,0.04428890347480774,0.007195445243269205,0.009296067990362644,0.05769425,0.9575406312942505,0.1524444818496704,0.0001357616565655917,24.705718994140625,1.6556323766708374,1.6848174333572388,113.39039,120.73353,88.78983,85.091705,119.646835,139.46542,3.315634e-07
651100,0.05806849151849747,-2.5949301719665527,-3.701991954585537e-05,0.025045819580554962,0.009349989704787731,0.012167952954769135,0.027900103,1.8173788785934448,0.21738359332084656,0.00013324020255822688,21.277843475341797,2.522839069366455,2.5316920280456543,113.65996,121.619446,89.26127,85.290436,119.531975,140.25438,4.7269737e-06
651200,0.19385063648223877,-1.8821065425872803,0.00014716695295646787,0.014575261622667313,0.003903087694197893,0.0037879792507737875,0.025182325,1.0812712907791138,0.12269772589206696,0.0001245988969458267,19.81887435913086,1.8249984979629517,1.8254680633544922,114.04521,122.030106,89.56988,85.540565,120.06082,141.09738,0.23337856
651300,0.19211217761039734,-1.0917093753814697,0.00017798460612539202,0.04363951086997986,0.006015227176249027,0.02323400229215622,0.05031841,0.47241759300231934,0.07606188952922821,0.00011257442383794114,19.418960571289062,1.0854321718215942,1.0974196195602417,114.44704,122.5434,89.71419,85.828445,120.70702,141.81117,1.02683636e-07
651400,0.021507052704691887,-1.207531452178955,-0.00017566168389748782,0.016065409407019615,0.01466909795999527,0.009457703679800034,0.019283893,0.5660432577133179,0.05080147087574005,0.00010682643187465146,22.644365310668945,1.2016963958740234,1.2012641429901123,114.77754,123.24813,90.07962,86.01876,121.11631,142.44516,1.5964445e-06
651500,0.3979871869087219,-2.665786027908325,-0.00014331811689771712,0.029989182949066162,0.009417770430445671,0.005786402616649866,0.028836198,1.770026683807373,0.16808685660362244,0.00014626696065533906,21.979839324951172,2.3244340419769287,2.37397837638855,115.14704,123.71494,90.743065,86.43133,121.42348,143.19618,7.8655785e-06
651600,0.06831277161836624,-2.0826897621154785,0.00043219560757279396,0.02089235745370388,0.008502082899212837,0.007680037058889866,0.015607254,1.4387273788452148,0.11162609606981277,0.00013210678298491985,17.728437423706055,2.0271029472351074,2.031704902648926,115.506256,124.31428,90.95745,87.20029,122.27559,144.07042,2.5600356e-08
651700,0.0765945091843605,-1.583358883857727,-5.002733814762905e-05,0.025385478511452675,0.0036755292676389217,0.005386367440223694,0.028757699,0.884678840637207,0.10327740013599396,0.00014656198618467897,21.341339111328125,1.5167282819747925,1.5093200206756592,115.815254,124.82171,91.49413,87.536316,122.574326,144.87047,4.9492428e-08
651800,0.28385528922080994,-1.9266129732131958,-0.0007077328627929091,0.026600312441587448,0.013169685378670692,0.0038991309702396393,0.028079635,1.109151840209961,0.12098690867424011,0.00014104666479397565,26.01772117614746,1.7207865715026855,1.7177019119262695,116.12002,125.28755,92.1149,87.797295,123.350975,145.56776,9.878029e-08
651900,0.03620351105928421,-1.5124962329864502,-0.0004267107869964093,0.02722134441137314,0.00821243692189455,0.006349352188408375,0.03194039,0.9445127248764038,0.11108890175819397,0.00014422675303649157,23.95861053466797,1.4677211046218872,1.4639464616775513,116.27997,125.54762,92.44499,88.224815,123.59059,146.50703,1.6669852e-06
652000,0.263062983751297,-2.2056305408477783,0.00028042736812494695,0.019826065748929977,0.014720356091856956,0.025117667391896248,0.0173514,1.428438663482666,0.1651422530412674,0.0001309858780587092,18.859102249145508,2.0369186401367188,2.0325026512145996,116.52047,126.11727,93.1473,88.76502,123.85937,147.17409,2.3064186e-07
652100,0.04700995236635208,-1.7440851926803589,0.00011109613114967942,0.0174100399017334,0.003156642895191908,0.009760521352291107,0.018368164,1.0931713581085205,0.08989822864532471,0.00014340109191834927,20.225276947021484,1.698376178741455,1.686323881149292,116.718254,126.28143,93.10849,89.089195,124.57371,147.82893,5.0743164e-08
652200,0.3042416572570801,-2.070328712463379,-8.591104233346414e-06,0.03371300548315048,0.003947214223444462,0.03535819798707962,0.06879984,1.4370436668395996,0.11502807587385178,0.0001648324978305027,21.052120208740234,2.0174202919006348,2.0184144973754883,116.96054,126.75292,93.32676,89.023506,125.05364,148.63234,3.0005406e-08
652300,0.07997079193592072,-1.7289623022079468,0.0003344999859109521,0.022715134546160698,0.0039097960107028484,0.018348287791013718,0.034001533,1.013443946838379,0.1398831605911255,0.00012860730930697173,18.399059295654297,1.5611979961395264,1.5655910968780518,117.29708,127.28772,93.80656,89.795105,126.032745,149.3347,1.0060221e-06
652400,0.341829776763916,-1.7506179809570312,0.00017776264576241374,0.012976741418242455,0.010169995948672295,0.004077674821019173,0.015816975,1.0119962692260742,0.08431205153465271,0.00012868214980699122,19.61859130859375,1.6624761819839478,1.6575716733932495,117.59692,127.81961,93.860344,90.07064,126.473175,150.06358,6.884711e-05
652500,0.11291204392910004,-1.8753074407577515,-0.00025154880131594837,0.024104025214910507,0.03332749754190445,0.01387546956539154,0.030398063,1.396558165550232,0.1490563154220581,0.00013150869926903397,22.912792205810547,1.8000489473342896,1.7900229692459106,117.83494,128.33618,94.315544,90.403366,127.8729,150.83229,1.0090824e-05
652600,0.36950451135635376,-1.449249029159546,-0.00010757008567452431,0.02788938395678997,0.0038870112039148808,0.004150624852627516,0.033596184,0.7703381776809692,0.09876569360494614,0.0001238448458025232,21.868587493896484,1.3532366752624512,1.3553967475891113,118.064255,128.79462,94.8027,90.99621,128.43309,151.45734,7.039127e-07
652700,0.14089617133140564,-1.5863966941833496,-0.00022748651099391282,0.008511933498084545,0.017591997981071472,0.004631073679775,0.010386406,1.017984390258789,0.10956330597400665,0.0001251544599654153,22.817646026611328,1.5785212516784668,1.5618326663970947,118.32881,129.81387,94.99644,91.295425,128.6894,152.09677,1.221982e-06
652800,0.08621039241552353,-2.549016237258911,6.627389666391537e-05,0.027845170348882675,0.003835214301943779,0.005718684755265713,0.02144659,1.917080283164978,0.17758150398731232,0.00012859112757723778,20.484615325927734,2.421640396118164,2.412693977355957,118.59451,130.05168,95.305695,91.5837,129.704,152.78004,8.3092156e-05
652900,0.31006020307540894,-1.7478976249694824,9.025790495797992e-05,0.028987698256969452,0.00789199210703373,0.004215254448354244,0.028339222,1.1348713636398315,0.13014765083789825,0.00014676270075142384,20.385007858276367,1.7151163816452026,1.7086421251296997,118.8082,130.40324,95.63638,92.6764,130.4693,153.35246,1.7699524e-07
653000,0.10255078226327896,-1.5553991794586182,-0.00011131741484859958,0.0525113120675087,0.02473326586186886,0.007625215221196413,0.055748343,1.0610110759735107,0.08629871904850006,0.00010697231482481584,22.040618896484375,1.5413891077041626,1.5393301248550415,118.99785,130.95354,96.01045,93.06322,131.153,154.15475,5.2916135e-07
653100,0.024297038093209267,-1.6657094955444336,0.0002066467859549448,0.01989402435719967,0.014125656336545944,0.02916700392961502,0.022056261,1.1837809085845947,0.09853409230709076,0.00011161210568388924,19.148527145385742,1.6583409309387207,1.6546339988708496,119.16237,131.53568,96.38062,93.606544,131.81409,155.1053,0.12875044
653200,0.4799131453037262,-2.4215402603149414,-0.0002901128609664738,0.03542613238096237,0.004417724907398224,0.020718064159154892,0.038525064,1.5934776067733765,0.16713130474090576,0.0001543638063594699,22.879409790039062,2.135809898376465,2.1503801345825195,119.41524,131.80467,96.813225,94.29344,132.24306,155.64616,7.413661e-09
653300,0.05043553560972214,-1.4145429134368896,0.0005758132901974022,0.005311128683388233,0.004779595881700516,0.0057304902002215385,0.007311971,0.8685005903244019,0.08660420775413513,0.0001435221784049645,16.98798370361328,1.3941220045089722,1.3945257663726807,119.70556,132.37683,96.93777,95.08296,132.64127,156.36873,3.432383e-08
653400,0.05117419362068176,-1.7297321557998657,-6.841332651674747e-05,0.030139600858092308,0.0045166416093707085,0.020181210711598396,0.029116593,1.2301876544952393,0.13328810036182404,0.00012273235188331455,21.557418823242188,1.7100292444229126,1.7007534503936768,119.960686,132.83815,97.30862,95.591324,133.29643,157.00897,1.4684395e-07
653500,0.07388444989919662,-1.5734515190124512,-0.0002631075622048229,0.0410139225423336,0.003913518972694874,0.006420365069061518,0.047048084,0.9749574661254883,0.09424073994159698,0.00015569561219308525,22.689884185791016,1.4899041652679443,1.4948482513427734,120.17895,133.22961,97.40812,95.92666,133.67265,157.58984,5.2803767e-08
653600,0.06279469281435013,-1.7800198793411255,-7.507140981033444e-05,0.02630830556154251,0.013523532077670097,0.015111038461327553,0.027453495,1.3053483963012695,0.11594390869140625,0.0001516328629804775,21.495086669921875,1.7709312438964844,1.7670143842697144,120.35686,133.65544,98.5445,96.50596,134.07034,158.29271,1.0775124e-06
653700,0.03712780773639679,-1.7121667861938477,0.0001572334294905886,0.007084195502102375,0.004607776179909706,0.01808299496769905,0.0060307523,1.0056577920913696,0.10516384243965149,0.00012288414291106164,19.720474243164062,1.5444339513778687,1.549544334411621,120.624565,134.28212,98.92912,96.562256,134.91666,158.7712,1.3390176e-06
653800,0.12638089060783386,-2.0403923988342285,-2.8021098842145875e-05,0.011577763594686985,0.01009947806596756,0.004998470190912485,0.008023076,1.4194011688232422,0.12754464149475098,0.00012088476796634495,21.231800079345703,1.8886560201644897,1.8570878505706787,120.77219,134.74347,99.282875,96.98474,135.44888,159.49757,3.2648393e-07
653900,0.0031579493079334497,-0.9155441522598267,0.0007387041114270687,0.0008628020295873284,0.003303295699879527,0.0035965682473033667,0.00559878,0.4057917892932892,0.01724041998386383,0.00015357030497398227,16.18979835510254,0.9236499667167664,0.9200000762939453,120.92281,135.12537,99.90997,97.35492,135.73514,160.15762,7.5169e-08
654000,0.06451244652271271,-1.4316470623016357,0.00019847086514346302,0.003920618910342455,0.006837194785475731,0.004199067130684853,0.0048610205,0.916126012802124,0.06744316220283508,0.0001227508473675698,19.383140563964844,1.3772194385528564,1.380028486251831,121.15797,135.75027,99.9646,98.06756,136.3878,160.73251,7.661375e-08
654100,0.03955867141485214,-1.618287205696106,8.975908713182434e-05,0.011625011451542377,0.007710585370659828,0.010151875205338001,0.008628688,1.154172658920288,0.10807450115680695,0.00010172103793593124,20.117595672607422,1.587038278579712,1.5797451734542847,121.37093,136.2969,100.43926,98.34396,137.09332,161.51279,3.4426145e-07
654200,0.0372387133538723,-1.0796570777893066,0.00025217566872015595,0.003311662469059229,0.0037390529178082943,0.005261849611997604,0.0071074464,0.6050334572792053,0.05165495350956917,0.00011977554095210508,18.89459800720215,1.0303165912628174,1.0266776084899902,121.53832,136.96094,100.63194,99.13574,137.55412,162.14368,1.5530013e-07
654300,0.13522136211395264,-2.034514904022217,-8.750362212595064e-06,0.011125404387712479,0.025456450879573822,0.003771175630390644,0.013916559,1.478318214416504,0.14451894164085388,0.00012601522030308843,21.069438934326172,1.9087145328521729,1.900384545326233,121.6659,137.39806,101.25602,99.652954,138.00581,162.78026,1.21237465e-08
654400,0.07738862186670303,-1.3645551204681396,0.0002924864529632032,0.023077957332134247,0.005404230207204819,0.004299284424632788,0.02153269,0.8621692657470703,0.07789022475481033,0.0001275673130294308,18.707199096679688,1.3270103931427002,1.3196324110031128,121.811066,137.77419,101.315384,99.94041,138.6373,163.37689,3.8228127e-09
654500,0.06450989842414856,-1.4991819858551025,-0.00020753381249960512,0.02417139895260334,0.0060525075532495975,0.009030185639858246,0.020862782,0.9352100491523743,0.08726485818624496,0.00014682345499750227,22.41349220275879,1.4132263660430908,1.4147119522094727,121.94552,138.17894,101.69794,100.373276,139.30684,163.97328,2.3998433e-08
654600,0.153006911277771,-2.0803701877593994,-0.0007083664531819522,0.027636414393782616,0.019916363060474396,0.0636059045791626,0.02590828,1.5036680698394775,0.16279174387454987,0.00015480726142413914,25.575796127319336,1.9252827167510986,1.9261025190353394,122.03774,138.5873,102.1311,101.034195,140.06808,164.69177,1.0673251e-06
654700,0.14026224613189697,-1.5101423263549805,-6.382695573847741e-05,0.045264583081007004,0.019690388813614845,0.004218619782477617,0.04533173,0.8860049247741699,0.11415759474039078,0.00015781343972776085,21.40444564819336,1.3779217004776,1.3738489151000977,122.22186,139.03357,102.6268,101.47811,140.31953,165.24538,1.2867946e-06
654800,0.025216903537511826,-1.1316585540771484,0.00010030552220996469,0.03573326766490936,0.003897329792380333,0.003742783796042204,0.037235077,0.5815945863723755,0.06546346843242645,0.00014732952695339918,20.319175720214844,1.100720763206482,1.103834867477417,122.35623,139.20523,103.108635,101.52793,140.73204,165.92085,3.8319857e-05
654900,0.23514488339424133,-1.4868969917297363,-0.0003528364177327603,0.010031431913375854,0.017883989959955215,0.04277818277478218,0.011742391,0.777906060218811,0.09474863111972809,0.00011896817886736244,23.965805053710938,1.3129788637161255,1.3291170597076416,122.53932,139.41124,103.64748,101.73588,141.38759,166.61209,5.0775716e-06
655000,0.03531183302402496,-1.3719117641448975,0.00012430147035047412,0.0204926785081625,0.004048823844641447,0.004070415161550045,0.020648204,0.8497222661972046,0.09080691635608673,9.58407181315124e-05,19.703041076660156,1.340505838394165,1.336435317993164,122.762146,139.55899,104.27565,102.16855,141.66829,167.25699,3.912555e-06
655100,0.06324081867933273,-2.1675586700439453,0.0001034209635690786,0.011418992653489113,0.011481121182441711,0.006284172646701336,0.008098111,1.584236741065979,0.14071038365364075,0.0001261011784663424,20.17985725402832,2.063800096511841,2.059889793395996,123.00806,139.99692,104.81302,102.47203,142.06749,168.04263,0.075226635
655200,0.11344023048877716,-1.7772212028503418,0.00016736105317249894,0.02646467462182045,0.006357395090162754,0.004247887991368771,0.023728468,1.2630138397216797,0.11917684227228165,0.0001428059331374243,19.828052520751953,1.6232976913452148,1.6405203342437744,123.11934,140.10619,105.19083,103.13255,142.8737,168.68944,1.9035642e-05
655300,0.13013800978660583,-2.0481784343719482,-1.7142045180662535e-05,0.02204369381070137,0.004901453852653503,0.0039528608322143555,0.029823463,1.4563865661621094,0.15733197331428528,0.00011817088670795783,21.145061492919922,1.9131929874420166,1.910890817642212,123.26,140.4654,105.2267,103.679085,143.3158,169.36375,9.635674e-06
655400,0.10348445177078247,-2.277233600616455,-0.00042809071601368487,0.025980617851018906,0.009076068177819252,0.0050094760954380035,0.020715661,1.7371398210525513,0.17030119895935059,0.00013360742013901472,24.20409393310547,2.214679718017578,2.2099435329437256,123.44621,141.03447,105.52234,103.6692,143.93626,170.08234,2.8726208e-05
655500,0.23268386721611023,-1.603187084197998,0.00017378109623678029,0.01917942985892296,0.017425138503313065,0.12228695303201675,0.020213041,1.0436816215515137,0.09782108664512634,0.0001273707312066108,19.63562774658203,1.5042481422424316,1.4882161617279053,123.597694,141.46071,105.78638,104.03579,144.6668,170.78789,0.00040565245
655600,0.09158230572938919,-1.7436950206756592,4.63660508103203e-05,0.01116332970559597,0.031086785718798637,0.007319724187254906,0.015525576,1.2643014192581177,0.13602659106254578,0.0001334282715106383,20.652502059936523,1.6607770919799805,1.6613967418670654,123.76226,141.92078,106.148605,104.397995,145.1509,171.43373,1.4982579e-05
655700,0.07027190178632736,-1.7986966371536255,-0.0002500643895473331,0.03015865385532379,0.003884834237396717,0.006631209049373865,0.03325074,1.0953829288482666,0.13223305344581604,0.00011844900291180238,23.111156463623047,1.6386005878448486,1.6332204341888428,124.0067,142.5869,106.68344,104.8491,145.91685,172.07674,2.9846675e-05
655800,0.2130032777786255,-1.5673925876617432,-0.0002653777482919395,0.01573067158460617,0.005146288312971592,0.005822192877531052,0.018595185,1.0662312507629395,0.10472476482391357,0.00012318204971961677,23.154354095458984,1.3928594589233398,1.3475041389465332,124.13294,142.99765,106.9304,105.04986,146.29999,172.7529,2.1484011e-07
655900,0.17859432101249695,-2.3110275268554688,-0.0005275416770018637,0.042020559310913086,0.008293230086565018,0.0038767505902796984,0.036497727,1.696071982383728,0.19270873069763184,0.000110161658085417,25.788795471191406,2.113807439804077,2.121502637863159,124.30927,143.5225,107.32338,105.46847,147.14705,173.32199,2.8469235e-06
656000,0.18207107484340668,-1.8953866958618164,-8.323483052663505e-05,0.012739352881908417,0.00969530176371336,0.0039326781406998634,0.011837956,1.4238120317459106,0.13968124985694885,0.0001321745803579688,21.62973403930664,1.72007417678833,1.7209616899490356,124.48943,143.80534,107.37542,105.752914,147.70407,173.94711,4.2042913e-05
656100,0.2856674790382385,-1.7888331413269043,9.253663301933557e-05,0.051499538123607635,0.003656808752566576,0.03735487908124924,0.05726863,1.1348905563354492,0.11403802782297134,0.00011450085730757564,20.19182586669922,1.6631659269332886,1.6538660526275635,124.68559,144.27676,108.01847,105.88912,148.4367,174.7565,0.46840063
656200,0.12078429758548737,-1.9630634784698486,3.9891136111691594e-05,0.00804761704057455,0.005778534337878227,0.008454996161162853,0.00969197,1.4142253398895264,0.16540545225143433,0.00010722826846176758,20.627979278564453,1.8844680786132812,1.8811066150665283,124.88576,144.69922,108.602806,106.35581,148.86467,175.46579,3.086685e-06
656300,0.10182702541351318,-1.6155827045440674,6.0863461840199307e-05,0.023800471797585487,0.00448288768529892,0.0036642178893089294,0.027063787,1.1436071395874023,0.09975125640630722,9.5405186584685e-05,20.36205291748047,1.5566380023956299,1.5556129217147827,125.07818,145.11072,108.73779,106.38802,149.3897,176.04694,1.9331604e-07
656400,0.25730839371681213,-2.0353622436523438,-0.000212788610951975,0.041335657238960266,0.012910090386867523,0.0036141499876976013,0.039179713,1.5005465745925903,0.15447884798049927,9.444973693462089e-05,23.2529296875,1.8918536901474,1.8987277746200562,125.24905,145.23259,109.06745,107.071655,149.98892,176.6392,3.7020772e-07
656500,0.06265667080879211,-1.9206054210662842,-7.599740638397634e-05,0.029253683984279633,0.007904751226305962,0.008837982080876827,0.02734381,1.4302148818969727,0.1416536569595337,0.00011026361607946455,21.689233779907227,1.8780375719070435,1.8747568130493164,125.3463,145.4577,109.99175,107.589554,150.22351,177.12631,1.2058645e-07
656600,0.04205130785703659,-1.3966046571731567,0.00028515708982013166,0.017529064789414406,0.004010109230875969,0.01470746099948883,0.019232472,0.8847512602806091,0.06899861991405487,0.0001054806198226288,18.296592712402344,1.3375427722930908,1.3393874168395996,125.539734,145.87622,110.04256,107.98127,150.77678,177.69336,8.274672e-07
656700,0.08425221592187881,-1.8730592727661133,0.0005581048899330199,0.025790594518184662,0.011211714707314968,0.004366075620055199,0.021197,1.436014175415039,0.11229999363422394,0.00013673723151441664,16.918413162231445,1.7930350303649902,1.806248426437378,125.66002,145.95529,110.94989,108.49636,151.40034,178.18233,2.0754637e-06
656800,0.06950730085372925,-1.5226504802703857,0.00013029116962570697,0.024125374853610992,0.0038299881853163242,0.020754054188728333,0.029160045,1.073411464691162,0.10674478113651276,0.00013934692833572626,20.064987182617188,1.445591688156128,1.454221248626709,125.85133,146.3102,111.14276,108.90634,151.47206,178.74391,3.3879733e-06
656900,0.016915887594223022,-1.6213951110839844,-0.00020182484877295792,0.024486005306243896,0.004018372856080532,0.004384299740195274,0.024574013,1.1043072938919067,0.10529930889606476,0.00011574364907573909,22.743722915649414,1.5636121034622192,1.5675325393676758,126.00588,146.55193,111.515854,109.26493,152.06798,179.31827,8.21326e-06
657000,0.044485144317150116,-1.6355770826339722,5.20482353749685e-05,0.021939177066087723,0.00201720604673028,0.005564033053815365,0.030845188,1.249536395072937,0.11305814981460571,0.00012710365990642458,20.590505599975586,1.6012341976165771,1.610108494758606,126.2029,146.93088,111.498955,109.713135,152.26599,179.88835,2.1508101e-06
657100,0.22626030445098877,-1.3393921852111816,-0.00024204216606449336,0.029357267543673515,0.00817861594259739,0.04422510787844658,0.03295078,1.0337560176849365,0.1140354722738266,0.00012712863099295646,22.903915405273438,1.2019294500350952,1.1935322284698486,126.33608,147.2969,112.126076,110.2656,152.63774,180.48155,3.9749582e-05
657200,0.1362604945898056,-1.7295300960540771,-0.00034010238596238196,0.049472495913505554,0.006986053194850683,0.004151585046201944,0.04831366,1.2370939254760742,0.15419775247573853,0.00013990819570608437,23.430896759033203,1.6097474098205566,1.6132094860076904,126.50931,147.8246,111.86223,110.36203,153.0499,181.12434,1.0225662e-05
657300,0.0445193350315094,-1.334409475326538,0.00014793883019592613,0.009868230670690536,0.005768440663814545,0.0070378705859184265,0.011081763,0.9240595698356628,0.07056945562362671,0.00011540637933649123,19.71810531616211,1.2434746026992798,1.2475992441177368,126.674194,147.96107,112.096825,110.6666,153.3924,181.66446,6.9512785e-06
657400,0.3942491412162781,-1.717262625694275,-7.23182747606188e-05,0.024811314418911934,0.005797282326966524,0.00378438550978899,0.023953756,1.2993065118789673,0.1434020698070526,0.0001283660385524854,21.56337547302246,1.6673258543014526,1.663747787475586,126.72545,148.27979,112.70769,111.07828,153.5646,182.20193,7.2221737e-06
657500,0.06145457178354263,-1.5421786308288574,-0.0002690374676603824,0.005289855413138866,0.00371189066208899,0.005388002842664719,0.016617442,1.1447088718414307,0.08850020170211792,0.00011706177610903978,23.29825210571289,1.505143642425537,1.506561517715454,126.831894,148.5175,113.32416,111.72166,154.01724,182.77536,0.15328594
657600,0.05954611673951149,-2.3453848361968994,-0.00033493456430733204,0.020721949636936188,0.00600372813642025,0.00733990827575326,0.025359288,1.9101861715316772,0.2081950306892395,0.00013071570720057935,23.562313079833984,2.2958521842956543,2.305938243865967,126.93991,148.93695,113.70879,112.115654,154.28848,183.30145,3.7217174e-05
657700,0.06703206896781921,-1.2906010150909424,0.0005852507310919464,0.018050972372293472,0.003851925488561392,0.032932642847299576,0.018888928,0.8500024080276489,0.06711743772029877,0.0001357124710921198,16.68756866455078,1.1332943439483643,1.1293694972991943,127.001656,149.31813,114.03634,112.33429,154.66513,183.83217,0.00021977167
657800,0.17537134885787964,-1.5347341299057007,-4.636640369426459e-05,0.008438453078269958,0.005664042197167873,0.009531623683869839,0.0069571137,1.0081639289855957,0.08561008423566818,0.00011943278514081612,21.388221740722656,1.4489092826843262,1.4251668453216553,127.142044,149.48712,114.81371,112.616905,154.8372,184.39395,0.00018099065
657900,0.43379223346710205,-1.8788185119628906,9.573753050062805e-05,0.0288692619651556,0.004661791026592255,0.02686251513659954,0.031213451,1.2648780345916748,0.12333832681179047,0.00011952953354921192,20.199047088623047,1.7247068881988525,1.7263184785842896,127.38619,149.77522,114.86428,112.93679,154.93677,184.94263,1.2409159e-07
658000,0.2421068549156189,-1.9446890354156494,1.2000123206235003e-05,0.016906486824154854,0.0073763104155659676,0.034030281007289886,0.017465679,1.4421436786651611,0.16437238454818726,0.000100343233498279,20.880409240722656,1.7320501804351807,1.745370626449585,127.56388,150.19217,114.93024,113.38874,155.86977,185.50005,3.778639e-08
658100,0.05607245862483978,-1.7202216386795044,-0.0003440653090365231,0.01434846967458725,0.0054583423770964146,0.022511333227157593,0.014916457,1.290971279144287,0.14994926750659943,0.00010883308277698234,24.16140365600586,1.6417415142059326,1.6393110752105713,127.71771,150.53337,115.64386,113.76067,156.2877,186.05074,0.0008695419
658200,0.15264931321144104,-1.6970760822296143,0.0001765093329595402,0.022347459569573402,0.008599460124969482,0.01091829501092434,0.02515365,1.2566858530044556,0.1290876865386963,9.77008166955784e-05,19.193368911743164,1.6613383293151855,1.6605321168899536,127.90312,150.84848,114.900375,114.1176,156.62178,186.6301,0.10329614
658300,0.07793648540973663,-1.3674670457839966,-0.00032944243866950274,0.0052498760633170605,0.006040860898792744,0.04083753377199173,0.007026533,0.874646008014679,0.1029190942645073,7.790985546307638e-05,25.22850799560547,1.2543230056762695,1.2374458312988281,128.01997,151.313,115.36516,114.4948,157.20654,187.13959,1.1321815e-06
658400,0.25842466950416565,-1.3917903900146484,3.3582080504857004e-05,0.0226375050842762,0.013160993345081806,0.019580014050006866,0.031675115,1.0036711692810059,0.11565998941659927,8.200444426620379e-05,20.590484619140625,1.376885175704956,1.371269702911377,128.19057,151.41113,115.54848,114.869675,157.52808,187.6701,1.18587174e-07
658500,0.21493665874004364,-1.5649008750915527,-0.00030260038329288363,0.027259379625320435,0.07379862666130066,0.009295329451560974,0.032395236,0.9508870244026184,0.16434352099895477,7.220265979412943e-05,25.19098663330078,1.2944035530090332,1.29869544506073,128.36964,151.9234,115.95129,114.86224,157.762,188.2074,0.033364076
658600,0.16447730362415314,-1.8964378833770752,-0.0002917157835327089,0.01624639332294464,0.011122419498860836,0.010856926441192627,0.016257193,1.4459502696990967,0.15526002645492554,9.152234997600317e-05,24.1873722076416,1.8503365516662598,1.8503406047821045,128.62685,152.45166,116.51575,115.30987,158.19885,188.75397,1.1513688e-07
658700,0.15842440724372864,-1.9794106483459473,-4.810681639355607e-05,0.026195170357823372,0.015798011794686317,0.014996051788330078,0.027125092,1.3835594654083252,0.14464522898197174,9.331394539913163e-05,21.51553726196289,1.796947717666626,1.779173731803894,128.79094,153.32547,116.71824,115.905525,158.8887,189.31982,1.7738924e-06
658800,0.21755313873291016,-1.7400734424591064,0.0002173665416194126,0.008528066799044609,0.003862154670059681,0.00609093951061368,0.0049381256,1.3336551189422607,0.12461541593074799,9.317557123722509e-05,18.667129516601562,1.6652566194534302,1.654923439025879,129.01639,153.77274,117.373184,116.468376,158.99016,189.78752,3.3663364e-06
658900,0.13705432415008545,-1.397850751876831,-2.0095869331271388e-05,0.03651674836874008,0.006167267449200153,0.0034781871363520622,0.0386414,0.8193625211715698,0.10269291698932648,0.00012450102076400071,21.16141128540039,1.2583894729614258,1.2491819858551025,129.17169,154.1918,117.89238,117.05973,159.17519,190.24715,1.03024036e-07
659000,0.017734112218022346,-1.1200166940689087,0.0004010937991552055,0.021266235038638115,0.03289113938808441,0.027800485491752625,0.022570673,0.8183696866035461,0.06771178543567657,0.00011471037578303367,17.503421783447266,1.103151798248291,1.0991548299789429,129.33997,154.6052,118.333916,117.320076,159.86047,190.85248,2.3774962e-08
659100,0.2728801369667053,-0.948022186756134,3.790775372181088e-05,0.02534518577158451,0.05002341419458389,0.007220318540930748,0.039579466,0.6054589152336121,0.07772467285394669,9.927412611432374e-05,20.61815071105957,0.9173380136489868,0.9156274199485779,129.59552,155.19012,118.59885,117.62374,160.00862,191.47943,7.5255876
659200,0.12650609016418457,-1.588849425315857,0.0003870004729833454,0.033366888761520386,0.03209248185157776,0.009478958323597908,0.029591167,1.1562695503234863,0.13837265968322754,0.00011797056504292414,17.71951675415039,1.5196082592010498,1.506072998046875,129.79782,155.70181,119.00801,117.957115,160.35072,191.97115,5.559047e-09
659300,0.0912657082080841,-1.692209243774414,-0.0005524001317098737,0.017483361065387726,0.00596256460994482,0.008135688491165638,0.018622855,1.2969728708267212,0.18135489523410797,9.735324420034885e-05,26.674182891845703,1.6396729946136475,1.647951364517212,130.00182,155.93344,119.3103,118.49645,160.50978,192.47066,1.387117e-08
659400,0.05296826735138893,-1.140761375427246,-4.764475306728855e-05,0.0325794443488121,0.003856597002595663,0.06747790426015854,0.04313608,0.8239883184432983,0.11132439970970154,0.00011122002615593374,21.428382873535156,1.1161401271820068,1.118207573890686,130.18852,156.24654,119.807976,118.93656,161.09285,192.94148,8.394751e-07
659500,0.22562885284423828,-1.9190073013305664,-0.0002026153088081628,0.02545405738055706,0.059454262256622314,0.006497170776128769,0.019954279,1.382619857788086,0.16256216168403625,0.00013169569137971848,22.538511276245117,1.7691351175308228,1.765821933746338,130.33122,156.46237,120.355034,119.27065,161.27228,193.48232,5.7123106e-07
659600,0.21458649635314941,-1.47195303440094,5.9103182138642296e-05,0.04807785153388977,0.022147372364997864,0.02977941185235977,0.046896007,1.1081135272979736,0.11572793126106262,0.00016463753127027303,20.641010284423828,1.355423092842102,1.3395746946334839,130.39458,156.78821,120.79657,119.51485,161.75002,194.06747,6.3972556e-07
659700,0.030881347134709358,-0.9390550851821899,4.097660621482646e-06,0.011597721837460995,0.005328149069100618,0.0038921996019780636,0.0149351135,0.5715688467025757,0.06863035261631012,0.00012910783698316664,20.96826171875,0.8806393146514893,0.8763287663459778,130.56044,157.33273,120.79655,120.44874,161.9613,194.52438,1.974419e-05
659800,0.025335224345326424,-1.3292471170425415,0.00026307988446205854,0.008167723193764687,0.003907482139766216,0.006198788061738014,0.012800483,0.9619976282119751,0.09823804348707199,0.00012657322804443538,18.921520233154297,1.313506841659546,1.3118994235992432,130.67628,157.6728,121.1704,120.60917,162.05585,194.96428,1.5855889e-05
659900,0.3634546101093292,-1.906025767326355,-9.268484063795768e-06,0.02602982521057129,0.004168656654655933,0.004088185727596283,0.02326777,1.2354106903076172,0.18500445783138275,0.00011741542402887717,21.078937530517578,1.5681040287017822,1.5732412338256836,130.84473,157.95387,121.41461,121.03117,162.37341,195.3997,2.6045846e-05
660000,0.07655878365039825,-1.1353540420532227,-0.0002572907251305878,0.018954847007989883,0.007548811845481396,0.02610403671860695,0.01919052,0.7756883502006531,0.10329411178827286,0.00011930392065551132,23.156599044799805,1.033892035484314,1.010985255241394,130.98212,158.12808,121.97935,121.31574,162.76172,195.91957,2.8155384e-05
660100,0.04139036685228348,-1.2204948663711548,0.0003763378772418946,0.00694880448281765,0.007432892452925444,0.005770917050540447,0.011489845,0.7797623872756958,0.09435807168483734,0.0001083145325537771,17.525508880615234,1.1349327564239502,1.1328314542770386,131.11063,158.67097,122.53085,121.68684,163.19482,196.4613,3.9797642
660200,0.06119640916585922,-1.34755539894104,5.244060594122857e-05,0.018886756151914597,0.05493248999118805,0.003934426233172417,0.022863654,0.80814129114151,0.10243244469165802,0.00011241349420743063,20.53350257873535,1.219160556793213,1.2208948135375977,131.26828,158.92851,122.44973,122.22605,163.64368,197.03853,2.6932235e-06
660300,0.016877230256795883,-1.8177714347839355,0.0002517997345421463,0.008771019987761974,0.01097823865711689,0.0054125115275382996,0.006186732,1.4083125591278076,0.13557317852973938,9.050829248735681e-05,18.217937469482422,1.784470558166504,1.7821037769317627,131.54695,159.57709,122.602325,122.34007,163.95686,197.44102,1.5769298e-05
660400,0.11028467118740082,-1.4178013801574707,-0.00011315288429614156,0.028212474659085274,0.007606829050928354,0.020670626312494278,0.035938907,0.9471368193626404,0.17073911428451538,0.00010049463890027255,22.125959396362305,1.292631983757019,1.308031678199768,131.6723,159.85371,123.17894,122.50669,164.15982,197.88412,0.00894309
660500,0.5371176600456238,-1.9230620861053467,-0.0004977837670594454,0.018435504287481308,0.010679063387215137,0.055319614708423615,0.013595128,1.4692614078521729,0.19864460825920105,9.061927266884595e-05,26.493133544921875,1.889458179473877,1.8874050378799438,131.79341,160.40977,123.893654,122.78732,164.4896,198.3909,0.00013372589
660600,0.2758863568305969,-1.7261803150177002,-0.00011955623631365597,0.030314374715089798,0.020525695756077766,0.031087303534150124,0.023975184,1.3081393241882324,0.17793624103069305,9.042658348334953e-05,22.32213592529297,1.6540489196777344,1.635923147201538,131.96907,160.4943,124.420494,123.06287,165.06458,198.83307,9.6804815e-06
660700,0.04033437371253967,-1.167325496673584,0.00041943415999412537,0.013451509177684784,0.02333710715174675,0.03333963453769684,0.016902244,0.7470292448997498,0.08428401499986649,0.00011459490633569658,17.339853286743164,1.1141995191574097,1.1069939136505127,132.15082,161.0546,124.81197,123.334885,165.53026,199.41202,1.2676878e-05
