Train/Steps,Loss/Loss_critic,Loss/Loss_actor,Loss/Loss_alpha,Loss/Loss_mico,SAC/Alpha,SAC/LogPi_mean,SAC/Q1_mean,SAC/Q2_mean,MICo/Online_dist,MICo/Target_dist,MICo/Norm_term,MICo/Angle_term,MICo/Rep_sq_norm,MICo/Grad_ratio,Norm/actor_model,Norm/critic_model,Norm/state_encoder_model,Norm/actor_head_model,Eval/Return
136192,0.036101117730140686,-6.936882495880127,0.0007139242952689528,0.0744156539440155,0.00646913843229413,2.960878849029541,6.812938690185547,6.8102288246154785,14.941522598266602,14.879461288452148,14.83938980102539,0.10213324427604675,14.83938980102539,0.007100510876625776,38.3589,41.154728,16.042583,18.74214,71.13587951660156
264192,0.1585228443145752,-16.87082290649414,-0.004020185209810734,0.11221880465745926,0.011979184113442898,3.3731322288513184,16.74362564086914,16.760658264160156,17.445735931396484,17.46100616455078,17.327756881713867,0.11797898262739182,17.327754974365234,0.0014036936918273568,55.775005,59.280468,21.280794,24.773077,722.9094848632812
392192,0.394569993019104,-37.9849853515625,-0.010709209367632866,0.160975843667984,0.015292085707187653,3.519484519958496,37.86021423339844,37.88909149169922,23.902729034423828,23.9764461517334,23.778873443603516,0.12385378777980804,23.778873443603516,0.0007674801745451987,64.90069,70.86392,24.663794,28.581373,854.33740234375
520192,0.36072421073913574,-53.225189208984375,-0.001517253229394555,0.194278746843338,0.020830929279327393,2.9804954528808594,52.90270233154297,52.880287170410156,27.383760452270508,27.5903377532959,27.266857147216797,0.11690260469913483,27.26685905456543,0.002547045238316059,72.86614,80.04319,27.484135,32.063267,947.4151611328125
648192,0.3443775475025177,-67.24592590332031,0.0035953186452388763,0.16981253027915955,0.015721572563052177,2.9440383911132812,67.07498168945312,67.06770324707031,29.745586395263672,29.891393661499023,29.641681671142578,0.10390670597553253,29.641681671142578,0.0016962612280622125,79.45945,86.32157,29.729744,34.83359,965.19140625
776192,0.19684895873069763,-74.91710662841797,0.003098885528743267,0.16349154710769653,0.012410213239490986,2.946014165878296,74.77693176269531,74.75653839111328,30.563457489013672,30.700361251831055,30.466415405273438,0.09704093635082245,30.466415405273438,0.0025121194776147604,85.6696,91.90367,31.89935,37.536777,966.0050048828125
904192,0.14384832978248596,-81.49053955078125,-0.004658042453229427,0.14746108651161194,0.010299688205122948,3.315429449081421,81.38214111328125,81.30476379394531,30.85080337524414,30.90842056274414,30.761621475219727,0.08918090909719467,30.76162338256836,0.0034157626796513796,91.10298,96.85914,33.915142,40.08245,961.22900390625
1032192,0.10293512046337128,-84.68984985351562,0.0011836877092719078,0.13914787769317627,0.008954653516411781,3.0375845432281494,84.59834289550781,84.5523681640625,30.679576873779297,30.797393798828125,30.591339111328125,0.08823855221271515,30.591339111328125,0.004750859457999468,95.9353,101.68441,35.861923,42.403656,968.5621337890625
1160192,0.21978142857551575,-87.34190368652344,-0.00842185690999031,0.14509636163711548,0.007581824436783791,4.044990539550781,87.22488403320312,87.20068359375,30.242938995361328,30.326778411865234,30.155921936035156,0.08701824396848679,30.155921936035156,0.0020745047368109226,100.41575,106.47895,37.72214,44.57321,969.5445556640625
1288192,0.16975772380828857,-89.52070617675781,-0.004220562055706978,0.11846478283405304,0.006601088680326939,3.7018351554870605,89.40467834472656,89.4100341796875,29.90435791015625,29.946990966796875,29.823711395263672,0.08064529299736023,29.823711395263672,0.0020992907229810953,104.58586,110.95442,39.48736,46.70954,970.7227783203125
1416192,0.0888814777135849,-92.08491516113281,0.0001617899106349796,0.1426728516817093,0.0061914073303341866,2.9636926651000977,91.9937744140625,92.00425720214844,29.1153621673584,29.15087127685547,29.043399810791016,0.071962371468544,29.043397903442383,0.004894477780908346,108.61377,115.3012,41.21107,48.779423,972.1437377929688
1544192,0.10297822952270508,-93.10030364990234,-0.0005942806601524353,0.11785337328910828,0.004940384067595005,3.112062454223633,93.07405090332031,93.01020812988281,28.462583541870117,28.50394058227539,28.392208099365234,0.07037517428398132,28.392208099365234,0.002876468701288104,112.323814,119.356445,42.87321,50.726036,962.9148559570312
1672192,0.047380536794662476,-94.04167938232422,0.0005967434262856841,0.09958890825510025,0.004647647030651569,3.0911450386047363,93.96723175048828,93.97891998291016,27.785755157470703,27.755558013916016,27.718685150146484,0.0670698806643486,27.718685150146484,0.005163136869668961,115.8223,123.41967,44.45689,52.509308,968.2869262695312
1800192,0.11733312159776688,-94.26094055175781,-0.000245660514337942,0.12023274600505829,0.0043110316619277,3.1820287704467773,94.16919708251953,94.16792297363281,27.189178466796875,27.24017333984375,27.124061584472656,0.06511795520782471,27.124061584472656,0.002436066744849086,119.154106,127.25418,46.00192,54.340942,974.6887817382812
1928192,0.11679378151893616,-94.92892456054688,0.00046657846542075276,0.11388242989778519,0.0038589646574109793,2.869418144226074,94.90538787841797,94.87222290039062,26.50702667236328,26.48195457458496,26.444732666015625,0.062292832881212234,26.444732666015625,0.002394242212176323,122.196724,131.01219,47.523994,56.093708,971.0347900390625
2056192,0.08395151793956757,-95.12371826171875,-0.0017312560230493546,0.094119593501091,0.003763356013223529,3.4297308921813965,95.05262756347656,95.09332275390625,26.052886962890625,26.03278350830078,25.991920471191406,0.060967545956373215,25.991920471191406,0.0022680822294205427,125.15166,134.69592,49.00403,57.784542,973.0213012695312
2184192,0.05963755026459694,-95.7824478149414,0.0016619159141555429,0.09321267157793045,0.0030432352796196938,2.2654340267181396,95.73429870605469,95.70142364501953,25.634559631347656,25.618501663208008,25.5791072845459,0.055453017354011536,25.5791072845459,0.004949814174324274,128.14098,138.17944,50.422962,59.388798,972.1031494140625
2312192,0.0747344121336937,-96.34556579589844,0.0007466906099580228,0.11024607717990875,0.0029010463040322065,2.7048139572143555,96.2607192993164,96.31588745117188,25.171669006347656,25.120702743530273,25.119853973388672,0.051812514662742615,25.119853973388672,0.003486325265839696,130.83673,141.711,51.817387,61.00201,971.5206298828125
2440192,0.07519204914569855,-96.20979309082031,0.00090251793153584,0.1146148294210434,0.0030795529019087553,2.6518726348876953,96.1428451538086,96.16687774658203,24.744476318359375,24.738353729248047,24.690505981445312,0.053973741829395294,24.690502166748047,0.003449661424383521,133.56308,145.03404,53.14917,62.508316,969.9725952148438
2568192,0.055164556950330734,-96.60072326660156,0.0004177940427325666,0.09411202371120453,0.002864225534722209,2.850804567337036,96.5549545288086,96.55428314208984,24.266281127929688,24.223129272460938,24.21591567993164,0.05036565661430359,24.21591567993164,0.0038458530325442553,135.97198,148.3493,54.495888,64.00796,972.1638793945312
2696192,0.05960426107048988,-97.05083465576172,-0.00019269518088549376,0.06982992589473724,0.002828416880220175,3.151663064956665,97.00169372558594,97.029541015625,23.89620590209961,23.778446197509766,23.85063934326172,0.04556705802679062,23.85063934326172,0.0038927665445953608,138.4939,151.68672,55.788864,65.48856,971.5185546875
2824192,0.058218538761138916,-96.73922729492188,-0.0006228169659152627,0.07592564821243286,0.002789025893434882,3.444990634918213,96.69117736816406,96.67982482910156,23.60012435913086,23.523590087890625,23.55030059814453,0.04982168227434158,23.550302505493164,0.0036122524179518223,140.93732,154.74289,57.058117,66.94568,975.5380859375
2952192,0.06923336535692215,-96.88499450683594,0.000734519271645695,0.09332334995269775,0.002322899643331766,2.761669635772705,96.84556579589844,96.86065673828125,23.18695640563965,23.140727996826172,23.136241912841797,0.05071280896663666,23.136241912841797,0.003837556578218937,143.27222,157.91576,58.34524,68.38775,972.2462158203125
3080192,0.06728827953338623,-97.08738708496094,0.0005997223779559135,0.0759487897157669,0.0026380857452750206,2.872974395751953,97.05623626708984,97.06742858886719,22.32021713256836,22.31197738647461,22.273040771484375,0.04717371612787247,22.273042678833008,0.00247627729550004,145.50987,160.71672,59.546528,69.82976,973.6332397460938
3208192,0.031654808670282364,-96.58775329589844,-0.002140222117304802,0.0825609564781189,0.0025038891471922398,4.011933326721191,96.51265716552734,96.570068359375,22.323772430419922,22.345163345336914,22.271568298339844,0.05220421776175499,22.271568298339844,0.005666500423103571,147.74236,163.7558,60.749226,71.21482,972.8773193359375
3336192,0.05743078142404556,-97.41093444824219,0.0008879031520336866,0.07871221750974655,0.0029360507614910603,2.7504076957702637,97.37873840332031,97.44235229492188,21.776554107666016,21.72623062133789,21.73018455505371,0.046368733048439026,21.73018455505371,0.0018038316629827023,149.91852,166.7472,61.9218,72.52934,974.6021728515625
3464192,0.021231867372989655,-96.84892272949219,0.0006283042021095753,0.09045904129743576,0.0023766320664435625,2.764636993408203,96.81954193115234,96.82749938964844,21.718164443969727,21.660598754882812,21.668888092041016,0.04927615821361542,21.668888092041016,0.00884304754436016,152.13554,169.60385,63.069878,73.81947,972.8848876953125
3592192,0.08756981045007706,-97.58819580078125,0.000890915107447654,0.07022695988416672,0.002339035039767623,2.5330586433410645,97.54981994628906,97.64408111572266,21.01374053955078,20.9309139251709,20.972335815429688,0.04140820726752281,20.972332000732422,0.0020075642969459295,154.23038,172.46503,64.22522,75.16152,970.0367431640625
3720192,0.04900530353188515,-97.57197570800781,5.9620506362989545e-06,0.07436376065015793,0.0022801475133746862,3.0221006870269775,97.55030822753906,97.55709838867188,20.838268280029297,20.770870208740234,20.795875549316406,0.042390525341033936,20.795875549316406,0.0025443981867283583,156.30061,175.21246,65.34385,76.51438,970.625244140625
3848192,0.06003706157207489,-97.08680725097656,-0.0012669672723859549,0.08325435221195221,0.0024606483057141304,3.441678047180176,97.07707214355469,97.04875183105469,21.073720932006836,21.013736724853516,21.025829315185547,0.047892432659864426,21.025829315185547,0.0028156412299722433,158.21092,178.01039,66.49044,77.70449,970.0369873046875
3976192,0.07420860975980759,-98.0157699584961,0.0007484005764126778,0.06500738114118576,0.002259518252685666,2.6327221393585205,97.99237060546875,98.03730010986328,20.355056762695312,20.315717697143555,20.314916610717773,0.04014092683792114,20.314918518066406,0.0024525586050003767,160.01448,180.6479,67.590775,78.962776,965.411376953125
4104192,0.062435582280159,-98.10043334960938,-0.0007742493762634695,0.05905523896217346,0.0018879106501117349,3.2422313690185547,98.10802459716797,98.06908416748047,19.991758346557617,19.893787384033203,19.954530715942383,0.0372280590236187,19.95452880859375,0.002818592358380556,162.01161,183.13213,68.633606,80.16618,972.73291015625
4232192,0.0367862768471241,-98.49058532714844,-0.0005689420504495502,0.0419413186609745,0.0018607067177072167,3.2084012031555176,98.5162124633789,98.49980163574219,19.369144439697266,19.304325103759766,19.334991455078125,0.034151591360569,19.334991455078125,0.002451325533911586,163.73114,185.49287,69.61433,81.36035,966.868896484375
4360192,0.07695960998535156,-98.53180694580078,-0.001289693871513009,0.04916495829820633,0.002139691263437271,3.479029893875122,98.54411315917969,98.53750610351562,18.787540435791016,18.68012809753418,18.755706787109375,0.03183535486459732,18.755706787109375,0.0037589494604617357,165.4501,187.60742,70.61504,82.69067,964.7582397460938
4488192,0.012982580810785294,-99.06533813476562,0.00032639934215694666,0.02932146191596985,0.0015504535986110568,2.8615121841430664,99.0865478515625,99.06828308105469,17.938304901123047,17.829612731933594,17.913198471069336,0.02510353922843933,17.91320037841797,0.005187912378460169,166.78842,189.72215,71.568115,84.09122,963.3485717773438
4616192,0.03129575029015541,-99.21499633789062,-9.361989214085042e-06,0.022821662947535515,0.0015962178586050868,3.25429105758667,99.21324920654297,99.23161315917969,17.25066375732422,17.16469955444336,17.227510452270508,0.02315315045416355,17.227510452270508,0.0063070934265851974,168.4901,191.93709,72.5524,85.47763,964.2679443359375
4744192,0.015243720263242722,-99.24198913574219,5.076912930235267e-05,0.027340751141309738,0.0011724160285666585,2.988083600997925,99.2469711303711,99.24384307861328,16.681739807128906,16.559558868408203,16.657793045043945,0.023947957903146744,16.657793045043945,0.006335826124995947,169.95961,194.01617,73.52253,86.85797,956.2627563476562
4872192,0.022125691175460815,-99.247314453125,0.0007656809757463634,0.022503968328237534,0.0014613693347200751,2.3504934310913086,99.24756622314453,99.25152587890625,16.14291763305664,16.03912925720215,16.11865234375,0.024267110973596573,16.118650436401367,0.005774341989308596,171.59358,196.18048,74.49073,88.30066,965.438232421875
5000192,0.027935773134231567,-99.14893341064453,-0.00043363391887396574,0.03349274396896362,0.0016414470737800002,3.239455223083496,99.18702697753906,99.13949584960938,15.728933334350586,15.627420425415039,15.703506469726562,0.025427524000406265,15.703506469726562,0.0049065095372498035,172.98254,198.1692,75.45634,89.74161,964.6666259765625
